name,id,idx,Y,M,O
08001,08001,1,0.21,0.87,0.72
08002,08002,2,0.12,0.16,0.72
08003,08003,3,0.16,0.63,0.72
08004,08004,4,0.12,0.16,0.72
08005,08005,5,0.16,0.63,0.72
08006,08006,6,0.23,1.04,0.72
08007,08007,7,0.14,0.63,0.72
08008,08008,8,0.12,0.16,0.72
08009,08009,9,0.2,0.83,0.72
08010,08010,10,0.12,0.39,0.72
08011,08011,11,0.12,0.16,0.72
08012,08012,12,0.12,0.16,0.72
08013,08013,13,0.12,0.16,0.72
08014,08014,14,0.12,0.17,0.72
08015,08015,15,3.51,14.6,4.51
08016,08016,16,0.12,0.16,0.72
08017,08017,17,0.12,0.27,0.72
08018,08018,18,0.12,0.21,0.72
08019,08019,19,20.77,112.35,35.5
08020,08020,20,0.13,0.5,0.72
08021,08021,21,0.12,0.16,0.72
08022,08022,22,0.24,1.08,0.72
08023,08023,23,0.15,0.69,0.72
08024,08024,24,0.12,0.16,0.72
08025,08025,25,0.12,0.16,0.72
08026,08026,26,0.12,0.16,0.72
08027,08027,27,0.12,0.16,0.72
08028,08028,28,0.12,0.16,0.72
08029,08029,29,0.12,0.32,0.72
08030,08030,30,0.12,0.52,0.72
08031,08031,31,0.12,0.22,0.72
08032,08032,32,0.12,0.21,0.72
08033,08033,33,0.27,1.21,0.72
08034,08034,34,0.12,0.16,0.72
08035,08035,35,0.29,1.29,0.72
08036,08036,36,0.12,0.16,0.72
08037,08037,37,0.12,0.18,0.72
08038,08038,38,0.12,0.16,0.72
08039,08039,39,0.12,0.16,0.72
08040,08040,40,0.21,0.96,0.72
08041,08041,41,0.31,1.13,0.72
08042,08042,42,0.12,0.22,0.72
08043,08043,43,0.12,0.37,0.72
08044,08044,44,0.12,0.36,0.72
08045,08045,45,0.12,0.16,0.72
08046,08046,46,0.32,1.25,0.72
08047,08047,47,0.12,0.27,0.72
08048,08048,48,0.12,0.16,0.72
08049,08049,49,0.12,0.16,0.72
08050,08050,50,0.12,0.16,0.72
08051,08051,51,0.39,1.67,0.72
08052,08052,52,0.12,0.16,0.72
08053,08053,53,0.12,0.28,0.72
08054,08054,54,0.22,0.89,0.72
08055,08055,55,0.12,0.16,0.72
08056,08056,56,1.07,4.73,1.12
08057,08057,57,0.12,0.16,0.72
08058,08058,58,0.12,0.17,0.72
08059,08059,59,0.12,0.16,0.72
08060,08060,60,0.12,0.16,0.72
08061,08061,61,0.12,0.16,0.72
08062,08062,62,0.12,0.16,0.72
08063,08063,63,0.12,0.16,0.72
08064,08064,64,0.12,0.18,0.72
08065,08065,65,0.12,0.16,0.72
08066,08066,66,0.12,0.16,0.72
08067,08067,67,0.12,0.5,0.72
08068,08068,68,0.15,0.64,0.72
08069,08069,69,0.12,0.33,0.72
08070,08070,70,0.12,0.16,0.72
08071,08071,71,0.12,0.16,0.72
08072,08072,72,0.25,1.08,0.72
08073,08073,73,1.32,5.97,1.83
08074,08074,74,0.26,1.14,0.72
08075,08075,75,0.12,0.41,0.72
08076,08076,76,0.34,1.5,0.72
08077,08077,77,0.69,2.94,1.14
08078,08078,78,0.12,0.16,0.72
08079,08079,79,0.12,0.16,0.72
08080,08080,80,0.12,0.16,0.72
08081,08081,81,0.12,0.16,0.72
08082,08082,82,0.12,0.16,0.72
08083,08083,83,0.12,0.16,0.72
08084,08084,84,0.12,0.16,0.72
08085,08085,85,0.12,0.16,0.72
08086,08086,86,0.36,1.39,0.72
08087,08087,87,0.12,0.16,0.72
08088,08088,88,0.28,1.13,0.72
08089,08089,89,0.75,3.14,0.9
08090,08090,90,0.12,0.16,0.72
08091,08091,91,0.13,0.54,0.72
08092,08092,92,0.12,0.3,0.72
08093,08093,93,0.12,0.16,0.72
08094,08094,94,0.12,0.16,0.72
08095,08095,95,0.12,0.16,0.72
08096,08096,96,0.93,4.21,1.25
08097,08097,97,0.12,0.16,0.72
08098,08098,98,0.12,0.23,0.72
08099,08099,99,0.12,0.16,0.72
08100,08100,100,0.12,0.17,0.72
08101,08101,101,4.0,18.84,5.39
08102,08102,102,0.65,2.66,0.86
08103,08103,103,0.12,0.16,0.72
08104,08104,104,0.12,0.16,0.72
08105,08105,105,0.19,0.85,0.72
08106,08106,106,0.16,0.71,0.72
08107,08107,107,0.24,1.1,0.72
08108,08108,108,0.12,0.44,0.72
08109,08109,109,0.12,0.16,0.72
08110,08110,110,0.27,1.23,0.72
08111,08111,111,0.12,0.16,0.72
08112,08112,112,0.38,1.35,0.72
08113,08113,113,1.28,5.07,1.62
08114,08114,114,0.46,1.9,0.72
08115,08115,115,0.12,0.32,0.72
08116,08116,116,0.12,0.16,0.72
08117,08117,117,0.12,0.22,0.72
08118,08118,118,0.35,1.58,0.72
08119,08119,119,0.16,0.69,0.72
08120,08120,120,0.18,0.63,0.72
08121,08121,121,2.06,8.57,2.46
08122,08122,122,0.12,0.17,0.72
08123,08123,123,0.43,1.77,0.72
08124,08124,124,0.74,3.48,0.98
08125,08125,125,0.62,2.48,0.72
08126,08126,126,0.2,0.85,0.72
08127,08127,127,0.12,0.21,0.72
08128,08128,128,0.12,0.16,0.72
08129,08129,129,0.12,0.16,0.72
08130,08130,130,0.12,0.16,0.72
08131,08131,131,0.12,0.16,0.72
08132,08132,132,0.12,0.16,0.72
08133,08133,133,0.12,0.16,0.72
08134,08134,134,0.12,0.16,0.72
08135,08135,135,0.12,0.58,0.72
08136,08136,136,0.29,1.13,0.72
08137,08137,137,0.12,0.16,0.72
08138,08138,138,0.12,0.45,0.72
08139,08139,139,0.12,0.16,0.72
08140,08140,140,0.12,0.39,0.72
08141,08141,141,0.12,0.39,0.72
08142,08142,142,0.12,0.16,0.72
08143,08143,143,0.12,0.24,0.72
08144,08144,144,0.12,0.16,0.72
08145,08145,145,0.12,0.26,0.72
08146,08146,146,0.12,0.16,0.72
08147,08147,147,0.4,1.64,0.72
08148,08148,148,0.12,0.31,0.72
08149,08149,149,0.12,0.16,0.72
08150,08150,150,0.12,0.16,0.72
08151,08151,151,0.12,0.16,0.72
08152,08152,152,0.12,0.16,0.72
08153,08153,153,0.12,0.16,0.72
08154,08154,154,0.12,0.16,0.72
08155,08155,155,0.16,0.68,0.72
08156,08156,156,0.23,1.02,0.72
08157,08157,157,0.19,0.79,0.72
08158,08158,158,0.12,0.29,0.72
08159,08159,159,0.29,1.26,0.72
08160,08160,160,0.12,0.16,0.72
08161,08161,161,0.28,1.19,0.72
08162,08162,162,0.12,0.23,0.72
08163,08163,163,0.41,1.86,0.72
08164,08164,164,0.12,0.16,0.72
08165,08165,165,0.12,0.16,0.72
08166,08166,166,0.12,0.16,0.72
08167,08167,167,0.16,0.59,0.72
08168,08168,168,0.12,0.16,0.72
08169,08169,169,1.0,4.23,1.36
08170,08170,170,0.12,0.16,0.72
08171,08171,171,0.12,0.16,0.72
08172,08172,172,0.41,1.86,0.72
08174,08174,173,0.12,0.16,0.72
08175,08175,174,0.12,0.27,0.72
08176,08176,175,0.12,0.16,0.72
08177,08177,176,0.12,0.16,0.72
08178,08178,177,0.12,0.16,0.72
08179,08179,178,0.12,0.16,0.72
08180,08180,179,0.64,2.65,0.72
08181,08181,180,0.17,0.74,0.72
08182,08182,181,0.12,0.27,0.72
08183,08183,182,0.12,0.45,0.72
08184,08184,183,1.3,5.47,1.38
08185,08185,184,0.12,0.16,0.72
08187,08187,185,3.47,14.42,4.26
08188,08188,186,0.12,0.16,0.72
08189,08189,187,0.12,0.16,0.72
08190,08190,188,0.12,0.16,0.72
08191,08191,189,0.12,0.43,0.72
08192,08192,190,0.13,0.48,0.72
08193,08193,191,0.12,0.16,0.72
08194,08194,192,0.62,2.57,0.72
08195,08195,193,0.12,0.16,0.72
08196,08196,194,0.44,1.8,0.72
08197,08197,195,0.18,0.79,0.72
08198,08198,196,0.12,0.44,0.72
08199,08199,197,0.12,0.16,0.72
08200,08200,198,1.26,5.47,1.72
08201,08201,199,0.12,0.16,0.72
08202,08202,200,0.3,1.22,0.72
08203,08203,201,0.12,0.26,0.72
08204,08204,202,0.12,0.28,0.72
08205,08205,203,1.84,6.5,1.53
08206,08206,204,0.12,0.16,0.72
08207,08207,205,0.12,0.21,0.72
08208,08208,206,0.12,0.55,0.72
08209,08209,207,0.13,0.58,0.72
08210,08210,208,0.12,0.46,0.72
08211,08211,209,0.68,3.01,0.94
08212,08212,210,0.12,0.16,0.72
08213,08213,211,0.16,0.61,0.72
08214,08214,212,0.14,0.59,0.72
08215,08215,213,0.12,0.24,0.72
08216,08216,214,0.12,0.16,0.72
08217,08217,215,0.53,2.31,0.72
08218,08218,216,0.16,0.71,0.72
08219,08219,217,0.32,1.34,0.72
08220,08220,218,0.12,0.22,0.72
08221,08221,219,0.4,1.31,0.72
08222,08222,220,0.12,0.17,0.72
08223,08223,221,0.12,0.16,0.72
08224,08224,222,0.12,0.16,0.72
08225,08225,223,0.12,0.16,0.72
08226,08226,224,0.12,0.16,0.72
08227,08227,225,0.12,0.22,0.72
08228,08228,226,0.12,0.16,0.72
08229,08229,227,0.12,0.16,0.72
08230,08230,228,0.17,0.68,0.72
08231,08231,229,0.51,2.15,0.72
08232,08232,230,0.12,0.16,0.72
08233,08233,231,0.12,0.16,0.72
08234,08234,232,0.12,0.34,0.72
08235,08235,233,0.12,0.37,0.72
08236,08236,234,0.12,0.16,0.72
08237,08237,235,0.12,0.16,0.72
08238,08238,236,0.34,1.32,0.72
08239,08239,237,0.12,0.16,0.72
08240,08240,238,0.2,0.85,0.72
08241,08241,239,0.12,0.16,0.72
08242,08242,240,0.12,0.16,0.72
08243,08243,241,0.12,0.16,0.72
08244,08244,242,0.13,0.57,0.72
08245,08245,243,1.85,7.87,2.37
08246,08246,244,0.12,0.16,0.72
08247,08247,245,0.12,0.16,0.72
08248,08248,246,0.13,0.52,0.72
08249,08249,247,0.12,0.16,0.72
08250,08250,248,0.19,0.66,0.72
08251,08251,249,0.14,0.51,0.72
08252,08252,250,0.54,2.18,0.72
08253,08253,251,0.12,0.16,0.72
08254,08254,252,0.12,0.16,0.72
08255,08255,253,0.12,0.16,0.72
08256,08256,254,0.12,0.16,0.72
08257,08257,255,0.12,0.16,0.72
08258,08258,256,0.12,0.16,0.72
08259,08259,257,0.15,0.66,0.72
08260,08260,258,0.41,1.74,0.72
08261,08261,259,0.12,0.26,0.72
08262,08262,260,0.16,0.65,0.72
08263,08263,261,0.43,1.9,0.72
08264,08264,262,0.12,0.44,0.72
08265,08265,263,0.12,0.16,0.72
08266,08266,264,0.78,3.76,1.24
08267,08267,265,0.17,0.63,0.72
08268,08268,266,0.12,0.16,0.72
08269,08269,267,0.12,0.25,0.72
08270,08270,268,0.44,2.17,0.72
08271,08271,269,0.12,0.16,0.72
08272,08272,270,0.12,0.16,0.72
08273,08273,271,0.12,0.21,0.72
08274,08274,272,0.12,0.38,0.72
08275,08275,273,0.12,0.16,0.72
08276,08276,274,0.12,0.16,0.72
08277,08277,275,0.12,0.16,0.72
08278,08278,276,0.12,0.43,0.72
08279,08279,277,3.71,15.05,4.07
08280,08280,278,0.12,0.16,0.72
08281,08281,279,0.12,0.42,0.72
08282,08282,280,0.16,0.61,0.72
08283,08283,281,0.13,0.56,0.72
08284,08284,282,0.3,1.24,0.72
08285,08285,283,0.24,0.97,0.72
08286,08286,284,0.12,0.28,0.72
08287,08287,285,0.12,0.16,0.72
08288,08288,286,0.12,0.18,0.72
08289,08289,287,0.12,0.42,0.72
08290,08290,288,0.12,0.16,0.72
08291,08291,289,0.13,0.53,0.72
08292,08292,290,0.12,0.16,0.72
08293,08293,291,0.12,0.16,0.72
08294,08294,292,0.12,0.22,0.72
08295,08295,293,0.25,1.06,0.72
08296,08296,294,0.12,0.19,0.72
08297,08297,295,0.12,0.16,0.72
08298,08298,296,0.85,3.28,0.8
08299,08299,297,0.12,0.16,0.72
08300,08300,298,0.12,0.51,0.72
08301,08301,299,1.04,4.47,1.21
08302,08302,300,0.21,0.84,0.72
08303,08303,301,0.12,0.16,0.72
08304,08304,302,0.12,0.16,0.72
08305,08305,303,0.69,2.68,0.79
08306,08306,304,0.12,0.16,0.72
08307,08307,305,0.99,4.57,1.47
08308,08308,306,0.12,0.16,0.72
08901,08901,307,0.12,0.16,0.72
08902,08902,308,0.12,0.39,0.72
08903,08903,309,0.12,0.16,0.72
08904,08904,310,0.18,0.84,0.72
08905,08905,311,0.12,0.2,0.72
17001,17001,312,0.12,0.16,0.72
17002,17002,313,0.12,0.16,0.72
17003,17003,314,0.12,0.16,0.72
17004,17004,315,0.12,0.16,0.72
17005,17005,316,0.12,0.16,0.72
17006,17006,317,0.12,0.16,0.72
17007,17007,318,0.12,0.16,0.72
17008,17008,319,0.12,0.38,0.72
17009,17009,320,0.12,0.42,0.72
17010,17010,321,0.12,0.16,0.72
17011,17011,322,0.12,0.16,0.72
17012,17012,323,0.12,0.16,0.72
17013,17013,324,0.12,0.27,0.72
17014,17014,325,0.12,0.16,0.72
17015,17015,326,0.36,1.32,0.72
17016,17016,327,0.12,0.16,0.72
17018,17018,328,0.12,0.16,0.72
17019,17019,329,0.12,0.16,0.72
17020,17020,330,0.12,0.34,0.72
17021,17021,331,0.12,0.16,0.72
17022,17022,332,0.21,0.75,0.72
17023,17023,333,0.58,2.77,0.84
17024,17024,334,0.12,0.16,0.72
17025,17025,335,0.12,0.16,0.72
17026,17026,336,0.12,0.16,0.72
17027,17027,337,0.12,0.25,0.72
17028,17028,338,0.12,0.16,0.72
17029,17029,339,0.12,0.16,0.72
17030,17030,340,0.12,0.16,0.72
17031,17031,341,0.12,0.16,0.72
17032,17032,342,0.12,0.2,0.72
17033,17033,343,0.14,0.55,0.72
17034,17034,344,0.17,0.79,0.72
17035,17035,345,0.12,0.16,0.72
17036,17036,346,0.12,0.2,0.72
17037,17037,347,0.12,0.16,0.72
17038,17038,348,0.12,0.16,0.72
17039,17039,349,0.12,0.16,0.72
17040,17040,350,0.12,0.16,0.72
17041,17041,351,0.12,0.16,0.72
17042,17042,352,0.12,0.16,0.72
17043,17043,353,0.12,0.16,0.72
17044,17044,354,0.19,0.71,0.72
17046,17046,355,0.12,0.16,0.72
17047,17047,356,0.19,0.81,0.72
17048,17048,357,0.19,0.84,0.72
17049,17049,358,0.12,0.37,0.72
17050,17050,359,0.12,0.16,0.72
17051,17051,360,0.12,0.16,0.72
17052,17052,361,0.12,0.16,0.72
17054,17054,362,0.12,0.16,0.72
17055,17055,363,0.12,0.16,0.72
17056,17056,364,0.12,0.16,0.72
17057,17057,365,0.12,0.16,0.72
17058,17058,366,0.12,0.16,0.72
17060,17060,367,0.12,0.16,0.72
17061,17061,368,0.12,0.16,0.72
17062,17062,369,0.15,0.67,0.72
17063,17063,370,0.12,0.16,0.72
17064,17064,371,0.12,0.16,0.72
17065,17065,372,0.12,0.16,0.72
17066,17066,373,0.87,3.2,0.8
17067,17067,374,0.12,0.16,0.72
17068,17068,375,0.12,0.16,0.72
17069,17069,376,0.12,0.16,0.72
17070,17070,377,0.12,0.16,0.72
17071,17071,378,0.12,0.16,0.72
17073,17073,379,0.12,0.18,0.72
17074,17074,380,0.12,0.16,0.72
17075,17075,381,0.12,0.16,0.72
17076,17076,382,0.12,0.16,0.72
17077,17077,383,0.12,0.16,0.72
17078,17078,384,0.12,0.16,0.72
17079,17079,385,1.69,7.16,1.8
17080,17080,386,0.12,0.16,0.72
17081,17081,387,0.12,0.16,0.72
17082,17082,388,0.12,0.16,0.72
17083,17083,389,0.12,0.29,0.72
17084,17084,390,0.12,0.16,0.72
17085,17085,391,0.12,0.16,0.72
17086,17086,392,0.12,0.22,0.72
17087,17087,393,0.12,0.16,0.72
17088,17088,394,0.12,0.16,0.72
17089,17089,395,0.17,0.62,0.72
17090,17090,396,0.12,0.16,0.72
17091,17091,397,0.12,0.16,0.72
17092,17092,398,0.12,0.32,0.72
17093,17093,399,0.12,0.16,0.72
17094,17094,400,0.12,0.16,0.72
17095,17095,401,0.67,2.85,0.72
17096,17096,402,0.12,0.16,0.72
17097,17097,403,0.12,0.16,0.72
17098,17098,404,0.12,0.16,0.72
17099,17099,405,0.12,0.16,0.72
17100,17100,406,0.12,0.16,0.72
17101,17101,407,0.12,0.16,0.72
17102,17102,408,0.12,0.16,0.72
17103,17103,409,0.12,0.53,0.72
17105,17105,410,0.12,0.16,0.72
17106,17106,411,0.12,0.16,0.72
17107,17107,412,0.12,0.16,0.72
17109,17109,413,0.12,0.16,0.72
17110,17110,414,0.12,0.16,0.72
17111,17111,415,0.12,0.16,0.72
17112,17112,416,0.12,0.16,0.72
17114,17114,417,0.58,2.54,0.76
17115,17115,418,0.12,0.16,0.72
17116,17116,419,0.12,0.16,0.72
17117,17117,420,0.41,1.56,0.72
17118,17118,421,0.25,1.21,0.72
17119,17119,422,0.12,0.16,0.72
17120,17120,423,0.12,0.16,0.72
17121,17121,424,0.12,0.16,0.72
17123,17123,425,0.12,0.16,0.72
17124,17124,426,0.12,0.16,0.72
17125,17125,427,0.12,0.16,0.72
17126,17126,428,0.12,0.16,0.72
17128,17128,429,0.12,0.16,0.72
17129,17129,430,0.12,0.16,0.72
17130,17130,431,0.12,0.16,0.72
17132,17132,432,0.12,0.16,0.72
17133,17133,433,0.12,0.16,0.72
17134,17134,434,0.12,0.16,0.72
17135,17135,435,0.12,0.16,0.72
17136,17136,436,0.12,0.16,0.72
17137,17137,437,0.12,0.31,0.72
17138,17138,438,0.12,0.16,0.72
17139,17139,439,0.12,0.16,0.72
17140,17140,440,0.12,0.16,0.72
17141,17141,441,0.15,0.69,0.72
17142,17142,442,0.12,0.26,0.72
17143,17143,443,0.12,0.16,0.72
17144,17144,444,0.12,0.16,0.72
17145,17145,445,0.12,0.16,0.72
17146,17146,446,0.12,0.31,0.72
17147,17147,447,0.15,0.66,0.72
17148,17148,448,0.12,0.16,0.72
17149,17149,449,0.12,0.16,0.72
17150,17150,450,0.12,0.16,0.72
17151,17151,451,0.12,0.16,0.72
17152,17152,452,0.31,1.33,0.72
17153,17153,453,0.12,0.16,0.72
17154,17154,454,0.12,0.16,0.72
17155,17155,455,0.71,2.25,0.72
17157,17157,456,0.12,0.16,0.72
17158,17158,457,0.12,0.16,0.72
17159,17159,458,0.12,0.16,0.72
17160,17160,459,0.35,1.46,0.72
17161,17161,460,0.12,0.16,0.72
17162,17162,461,0.12,0.16,0.72
17163,17163,462,0.12,0.27,0.72
17164,17164,463,0.12,0.37,0.72
17165,17165,464,0.12,0.16,0.72
17166,17166,465,0.12,0.16,0.72
17167,17167,466,0.12,0.19,0.72
17168,17168,467,0.12,0.16,0.72
17169,17169,468,0.12,0.24,0.72
17170,17170,469,0.12,0.16,0.72
17171,17171,470,0.12,0.16,0.72
17172,17172,471,0.12,0.16,0.72
17173,17173,472,0.12,0.16,0.72
17174,17174,473,0.12,0.16,0.72
17175,17175,474,0.12,0.16,0.72
17176,17176,475,0.12,0.16,0.72
17177,17177,476,0.12,0.16,0.72
17178,17178,477,0.12,0.16,0.72
17180,17180,478,0.24,0.9,0.72
17181,17181,479,0.12,0.38,0.72
17182,17182,480,0.12,0.16,0.72
17183,17183,481,0.12,0.16,0.72
17184,17184,482,0.12,0.16,0.72
17185,17185,483,0.12,0.19,0.72
17186,17186,484,0.12,0.35,0.72
17187,17187,485,0.12,0.16,0.72
17188,17188,486,0.12,0.16,0.72
17189,17189,487,0.12,0.16,0.72
17190,17190,488,0.12,0.16,0.72
17191,17191,489,0.12,0.16,0.72
17192,17192,490,0.12,0.16,0.72
17193,17193,491,0.12,0.44,0.72
17194,17194,492,0.12,0.16,0.72
17195,17195,493,0.12,0.16,0.72
17196,17196,494,0.12,0.16,0.72
17197,17197,495,0.12,0.16,0.72
17198,17198,496,0.12,0.16,0.72
17199,17199,497,0.19,0.81,0.72
17200,17200,498,0.12,0.16,0.72
17201,17201,499,0.12,0.16,0.72
17202,17202,500,0.12,0.42,0.72
17203,17203,501,0.12,0.16,0.72
17204,17204,502,0.12,0.16,0.72
17205,17205,503,0.12,0.16,0.72
17206,17206,504,0.12,0.16,0.72
17207,17207,505,0.12,0.2,0.72
17208,17208,506,0.12,0.16,0.72
17209,17209,507,0.12,0.16,0.72
17210,17210,508,0.12,0.16,0.72
17211,17211,509,0.12,0.16,0.72
17212,17212,510,0.12,0.16,0.72
17213,17213,511,0.13,0.58,0.72
17214,17214,512,0.12,0.16,0.72
17215,17215,513,0.12,0.24,0.72
17216,17216,514,0.12,0.16,0.72
17217,17217,515,0.12,0.16,0.72
17218,17218,516,0.12,0.16,0.72
17220,17220,517,0.12,0.16,0.72
17221,17221,518,0.12,0.36,0.72
17222,17222,519,0.12,0.16,0.72
17223,17223,520,0.12,0.16,0.72
17224,17224,521,0.12,0.16,0.72
17225,17225,522,0.12,0.16,0.72
17226,17226,523,0.12,0.16,0.72
17227,17227,524,0.12,0.16,0.72
17228,17228,525,0.12,0.16,0.72
17230,17230,526,0.12,0.16,0.72
17232,17232,527,0.12,0.16,0.72
17233,17233,528,0.12,0.21,0.72
17234,17234,529,0.12,0.16,0.72
17901,17901,530,0.12,0.16,0.72
17902,17902,531,0.12,0.16,0.72
17903,17903,532,0.12,0.16,0.72
25001,25001,533,0.12,0.16,0.72
25002,25002,534,0.12,0.16,0.72
25003,25003,535,0.12,0.36,0.72
25004,25004,536,0.12,0.16,0.72
25005,25005,537,0.12,0.16,0.72
25006,25006,538,0.12,0.16,0.72
25007,25007,539,0.12,0.16,0.72
25008,25008,540,0.12,0.16,0.72
25009,25009,541,0.12,0.16,0.72
25010,25010,542,0.12,0.16,0.72
25011,25011,543,0.19,0.7,0.72
25012,25012,544,0.12,0.24,0.72
25013,25013,545,0.12,0.17,0.72
25014,25014,546,0.12,0.16,0.72
25015,25015,547,0.12,0.16,0.72
25016,25016,548,0.12,0.19,0.72
25019,25019,549,0.12,0.46,0.72
25020,25020,550,0.12,0.16,0.72
25021,25021,551,0.12,0.21,0.72
25022,25022,552,0.12,0.16,0.72
25023,25023,553,0.12,0.43,0.72
25024,25024,554,0.12,0.16,0.72
25025,25025,555,0.12,0.16,0.72
25027,25027,556,0.12,0.16,0.72
25029,25029,557,0.12,0.16,0.72
25030,25030,558,0.12,0.16,0.72
25031,25031,559,0.12,0.16,0.72
25032,25032,560,0.12,0.16,0.72
25033,25033,561,0.12,0.16,0.72
25034,25034,562,0.12,0.23,0.72
25035,25035,563,0.12,0.16,0.72
25036,25036,564,0.12,0.16,0.72
25037,25037,565,0.12,0.16,0.72
25038,25038,566,0.12,0.16,0.72
25039,25039,567,0.12,0.16,0.72
25040,25040,568,0.3,1.14,0.72
25041,25041,569,0.12,0.16,0.72
25042,25042,570,0.12,0.16,0.72
25043,25043,571,0.12,0.16,0.72
25044,25044,572,0.12,0.16,0.72
25045,25045,573,0.12,0.16,0.72
25046,25046,574,0.12,0.16,0.72
25047,25047,575,0.12,0.16,0.72
25048,25048,576,0.12,0.16,0.72
25049,25049,577,0.12,0.16,0.72
25050,25050,578,0.12,0.35,0.72
25051,25051,579,0.12,0.16,0.72
25052,25052,580,0.12,0.16,0.72
25053,25053,581,0.12,0.16,0.72
25055,25055,582,0.12,0.16,0.72
25056,25056,583,0.12,0.16,0.72
25057,25057,584,0.12,0.16,0.72
25058,25058,585,0.12,0.39,0.72
25059,25059,586,0.12,0.16,0.72
25060,25060,587,0.12,0.16,0.72
25061,25061,588,0.12,0.16,0.72
25062,25062,589,0.12,0.16,0.72
25063,25063,590,0.12,0.16,0.72
25064,25064,591,0.12,0.16,0.72
25067,25067,592,0.12,0.16,0.72
25068,25068,593,0.12,0.16,0.72
25069,25069,594,0.12,0.16,0.72
25070,25070,595,0.12,0.16,0.72
25071,25071,596,0.12,0.16,0.72
25072,25072,597,0.16,0.63,0.72
25073,25073,598,0.12,0.16,0.72
25074,25074,599,0.12,0.16,0.72
25075,25075,600,0.12,0.16,0.72
25076,25076,601,0.12,0.16,0.72
25077,25077,602,0.12,0.16,0.72
25078,25078,603,0.12,0.16,0.72
25079,25079,604,0.12,0.16,0.72
25081,25081,605,0.12,0.16,0.72
25082,25082,606,0.12,0.16,0.72
25085,25085,607,0.12,0.16,0.72
25086,25086,608,0.12,0.16,0.72
25087,25087,609,0.12,0.16,0.72
25088,25088,610,0.12,0.16,0.72
25089,25089,611,0.12,0.16,0.72
25092,25092,612,0.12,0.16,0.72
25093,25093,613,0.12,0.16,0.72
25094,25094,614,0.12,0.16,0.72
25096,25096,615,0.12,0.16,0.72
25097,25097,616,0.12,0.16,0.72
25098,25098,617,0.12,0.16,0.72
25099,25099,618,0.12,0.16,0.72
25100,25100,619,0.12,0.16,0.72
25101,25101,620,0.12,0.16,0.72
25102,25102,621,0.12,0.16,0.72
25103,25103,622,0.12,0.16,0.72
25104,25104,623,0.12,0.16,0.72
25105,25105,624,0.12,0.16,0.72
25109,25109,625,0.12,0.16,0.72
25110,25110,626,0.15,0.53,0.72
25111,25111,627,0.12,0.16,0.72
25112,25112,628,0.12,0.16,0.72
25113,25113,629,0.12,0.16,0.72
25114,25114,630,0.12,0.16,0.72
25115,25115,631,0.12,0.16,0.72
25118,25118,632,0.12,0.16,0.72
25119,25119,633,0.12,0.22,0.72
25120,25120,634,2.2,9.57,2.72
25121,25121,635,0.12,0.16,0.72
25122,25122,636,0.12,0.17,0.72
25124,25124,637,0.12,0.16,0.72
25125,25125,638,0.12,0.16,0.72
25126,25126,639,0.12,0.16,0.72
25127,25127,640,0.12,0.16,0.72
25128,25128,641,0.12,0.16,0.72
25129,25129,642,0.12,0.16,0.72
25130,25130,643,0.12,0.16,0.72
25131,25131,644,0.12,0.16,0.72
25132,25132,645,0.12,0.16,0.72
25133,25133,646,0.12,0.16,0.72
25134,25134,647,0.12,0.16,0.72
25135,25135,648,0.12,0.16,0.72
25136,25136,649,0.12,0.16,0.72
25137,25137,650,0.28,1.05,0.72
25138,25138,651,0.12,0.16,0.72
25139,25139,652,0.12,0.16,0.72
25140,25140,653,0.12,0.16,0.72
25141,25141,654,0.12,0.16,0.72
25142,25142,655,0.12,0.16,0.72
25143,25143,656,0.12,0.16,0.72
25145,25145,657,0.12,0.16,0.72
25146,25146,658,0.12,0.16,0.72
25148,25148,659,0.12,0.16,0.72
25149,25149,660,0.12,0.16,0.72
25150,25150,661,0.12,0.16,0.72
25151,25151,662,0.12,0.16,0.72
25152,25152,663,0.12,0.16,0.72
25153,25153,664,0.12,0.16,0.72
25154,25154,665,0.12,0.16,0.72
25155,25155,666,0.12,0.16,0.72
25156,25156,667,0.12,0.16,0.72
25157,25157,668,0.12,0.16,0.72
25158,25158,669,0.12,0.16,0.72
25161,25161,670,0.12,0.16,0.72
25163,25163,671,0.12,0.16,0.72
25164,25164,672,0.12,0.16,0.72
25165,25165,673,0.12,0.16,0.72
25166,25166,674,0.12,0.16,0.72
25167,25167,675,0.12,0.16,0.72
25168,25168,676,0.12,0.16,0.72
25169,25169,677,0.12,0.16,0.72
25170,25170,678,0.12,0.16,0.72
25171,25171,679,0.12,0.19,0.72
25172,25172,680,0.12,0.17,0.72
25173,25173,681,0.12,0.16,0.72
25174,25174,682,0.12,0.16,0.72
25175,25175,683,0.12,0.16,0.72
25176,25176,684,0.12,0.16,0.72
25177,25177,685,0.12,0.16,0.72
25179,25179,686,0.12,0.16,0.72
25180,25180,687,0.12,0.16,0.72
25181,25181,688,0.12,0.16,0.72
25182,25182,689,0.12,0.16,0.72
25183,25183,690,0.12,0.16,0.72
25185,25185,691,0.12,0.16,0.72
25186,25186,692,0.12,0.16,0.72
25189,25189,693,0.12,0.22,0.72
25190,25190,694,0.12,0.16,0.72
25191,25191,695,0.12,0.16,0.72
25192,25192,696,0.12,0.16,0.72
25193,25193,697,0.12,0.16,0.72
25194,25194,698,0.12,0.16,0.72
25196,25196,699,0.12,0.16,0.72
25197,25197,700,0.12,0.16,0.72
25200,25200,701,0.12,0.16,0.72
25201,25201,702,0.12,0.16,0.72
25202,25202,703,0.12,0.16,0.72
25203,25203,704,0.17,0.85,0.72
25204,25204,705,0.12,0.16,0.72
25205,25205,706,0.12,0.16,0.72
25206,25206,707,0.12,0.16,0.72
25207,25207,708,0.15,0.61,0.72
25208,25208,709,0.12,0.16,0.72
25209,25209,710,0.12,0.16,0.72
25210,25210,711,0.12,0.16,0.72
25211,25211,712,0.12,0.16,0.72
25212,25212,713,0.12,0.16,0.72
25215,25215,714,0.12,0.16,0.72
25216,25216,715,0.12,0.16,0.72
25217,25217,716,0.33,1.22,0.72
25218,25218,717,0.12,0.16,0.72
25219,25219,718,0.12,0.16,0.72
25220,25220,719,0.12,0.16,0.72
25221,25221,720,0.12,0.16,0.72
25222,25222,721,0.12,0.16,0.72
25223,25223,722,0.12,0.16,0.72
25224,25224,723,0.12,0.16,0.72
25225,25225,724,0.12,0.16,0.72
25226,25226,725,0.12,0.16,0.72
25227,25227,726,0.12,0.16,0.72
25228,25228,727,0.12,0.33,0.72
25230,25230,728,0.12,0.16,0.72
25231,25231,729,0.12,0.16,0.72
25232,25232,730,0.12,0.16,0.72
25233,25233,731,0.12,0.16,0.72
25234,25234,732,0.12,0.39,0.72
25238,25238,733,0.12,0.16,0.72
25239,25239,734,0.12,0.16,0.72
25240,25240,735,0.12,0.16,0.72
25242,25242,736,0.12,0.16,0.72
25243,25243,737,0.12,0.41,0.72
25244,25244,738,0.12,0.16,0.72
25245,25245,739,0.12,0.16,0.72
25247,25247,740,0.12,0.16,0.72
25248,25248,741,0.12,0.16,0.72
25249,25249,742,0.12,0.16,0.72
25250,25250,743,0.12,0.16,0.72
25251,25251,744,0.12,0.16,0.72
25252,25252,745,0.12,0.16,0.72
25253,25253,746,0.12,0.16,0.72
25254,25254,747,0.12,0.16,0.72
25255,25255,748,0.12,0.16,0.72
25901,25901,749,0.12,0.16,0.72
25902,25902,750,0.12,0.16,0.72
25903,25903,751,0.12,0.16,0.72
25904,25904,752,0.12,0.16,0.72
25905,25905,753,0.12,0.16,0.72
25906,25906,754,0.12,0.16,0.72
25907,25907,755,0.12,0.16,0.72
25908,25908,756,0.12,0.16,0.72
25909,25909,757,0.12,0.16,0.72
25910,25910,758,0.12,0.16,0.72
25911,25911,759,0.12,0.16,0.72
25912,25912,760,0.12,0.16,0.72
25913,25913,761,0.12,0.16,0.72
43001,43001,762,0.12,0.16,0.72
43002,43002,763,0.12,0.17,0.72
43003,43003,764,0.12,0.16,0.72
43004,43004,765,0.14,0.63,0.72
43005,43005,766,0.12,0.35,0.72
43006,43006,767,0.12,0.16,0.72
43007,43007,768,0.12,0.16,0.72
43008,43008,769,0.12,0.16,0.72
43009,43009,770,0.12,0.16,0.72
43010,43010,771,0.12,0.16,0.72
43011,43011,772,0.12,0.16,0.72
43012,43012,773,0.12,0.36,0.72
43013,43013,774,0.12,0.45,0.72
43014,43014,775,0.37,1.47,0.72
43015,43015,776,0.12,0.16,0.72
43016,43016,777,0.12,0.37,0.72
43017,43017,778,0.12,0.16,0.72
43018,43018,779,0.12,0.16,0.72
43019,43019,780,0.12,0.16,0.72
43020,43020,781,0.12,0.23,0.72
43021,43021,782,0.12,0.16,0.72
43022,43022,783,0.12,0.16,0.72
43023,43023,784,0.12,0.16,0.72
43024,43024,785,0.12,0.16,0.72
43025,43025,786,0.12,0.16,0.72
43026,43026,787,0.12,0.16,0.72
43027,43027,788,0.12,0.16,0.72
43028,43028,789,0.12,0.27,0.72
43029,43029,790,0.12,0.16,0.72
43030,43030,791,0.12,0.16,0.72
43031,43031,792,0.12,0.16,0.72
43032,43032,793,0.12,0.16,0.72
43033,43033,794,0.12,0.16,0.72
43034,43034,795,0.12,0.16,0.72
43035,43035,796,0.12,0.16,0.72
43036,43036,797,0.12,0.16,0.72
43037,43037,798,0.46,2.03,0.72
43038,43038,799,0.6,2.4,0.72
43039,43039,800,0.12,0.16,0.72
43040,43040,801,0.12,0.16,0.72
43041,43041,802,0.12,0.16,0.72
43042,43042,803,0.12,0.2,0.72
43043,43043,804,0.12,0.34,0.72
43044,43044,805,0.12,0.36,0.72
43045,43045,806,0.12,0.16,0.72
43046,43046,807,0.12,0.16,0.72
43047,43047,808,0.13,0.45,0.72
43048,43048,809,0.12,0.16,0.72
43049,43049,810,0.12,0.16,0.72
43050,43050,811,0.12,0.25,0.72
43051,43051,812,0.23,1.0,0.72
43052,43052,813,0.12,0.16,0.72
43053,43053,814,0.12,0.16,0.72
43054,43054,815,0.12,0.24,0.72
43055,43055,816,0.12,0.18,0.72
43056,43056,817,0.12,0.16,0.72
43057,43057,818,0.12,0.16,0.72
43058,43058,819,0.12,0.16,0.72
43059,43059,820,0.12,0.16,0.72
43060,43060,821,0.12,0.2,0.72
43061,43061,822,0.12,0.16,0.72
43062,43062,823,0.12,0.16,0.72
43063,43063,824,0.12,0.16,0.72
43064,43064,825,0.12,0.2,0.72
43065,43065,826,0.12,0.16,0.72
43066,43066,827,0.12,0.16,0.72
43067,43067,828,0.12,0.16,0.72
43068,43068,829,0.12,0.16,0.72
43069,43069,830,0.12,0.16,0.72
43070,43070,831,0.12,0.16,0.72
43071,43071,832,0.12,0.16,0.72
43072,43072,833,0.12,0.16,0.72
43073,43073,834,0.12,0.16,0.72
43074,43074,835,0.12,0.16,0.72
43075,43075,836,0.12,0.16,0.72
43076,43076,837,0.12,0.16,0.72
43077,43077,838,0.12,0.16,0.72
43078,43078,839,0.12,0.16,0.72
43079,43079,840,0.12,0.16,0.72
43080,43080,841,0.12,0.16,0.72
43081,43081,842,0.12,0.16,0.72
43082,43082,843,0.12,0.16,0.72
43083,43083,844,0.12,0.16,0.72
43084,43084,845,0.12,0.16,0.72
43085,43085,846,0.12,0.16,0.72
43086,43086,847,0.12,0.48,0.72
43088,43088,848,0.12,0.2,0.72
43089,43089,849,0.12,0.16,0.72
43090,43090,850,0.12,0.16,0.72
43091,43091,851,0.12,0.16,0.72
43092,43092,852,0.22,0.92,0.72
43093,43093,853,0.12,0.36,0.72
43094,43094,854,0.12,0.21,0.72
43095,43095,855,0.12,0.26,0.72
43096,43096,856,0.12,0.16,0.72
43097,43097,857,0.12,0.16,0.72
43098,43098,858,0.12,0.16,0.72
43099,43099,859,0.12,0.16,0.72
43100,43100,860,0.12,0.35,0.72
43101,43101,861,0.12,0.16,0.72
43102,43102,862,0.12,0.16,0.72
43103,43103,863,0.12,0.16,0.72
43104,43104,864,0.12,0.17,0.72
43105,43105,865,0.12,0.16,0.72
43106,43106,866,0.12,0.16,0.72
43107,43107,867,0.12,0.16,0.72
43108,43108,868,0.12,0.16,0.72
43109,43109,869,0.12,0.28,0.72
43110,43110,870,0.12,0.16,0.72
43111,43111,871,0.12,0.22,0.72
43112,43112,872,0.12,0.16,0.72
43113,43113,873,0.12,0.16,0.72
43114,43114,874,0.12,0.16,0.72
43115,43115,875,0.12,0.16,0.72
43116,43116,876,0.12,0.16,0.72
43117,43117,877,0.12,0.16,0.72
43118,43118,878,0.12,0.16,0.72
43119,43119,879,0.12,0.16,0.72
43120,43120,880,0.12,0.16,0.72
43121,43121,881,0.12,0.16,0.72
43122,43122,882,0.12,0.16,0.72
43123,43123,883,1.82,7.09,2.09
43124,43124,884,0.12,0.16,0.72
43125,43125,885,0.12,0.16,0.72
43126,43126,886,0.12,0.16,0.72
43127,43127,887,0.12,0.16,0.72
43128,43128,888,0.12,0.16,0.72
43129,43129,889,0.12,0.44,0.72
43130,43130,890,0.12,0.16,0.72
43131,43131,891,0.12,0.51,0.72
43132,43132,892,0.12,0.16,0.72
43133,43133,893,0.13,0.55,0.72
43134,43134,894,0.12,0.16,0.72
43135,43135,895,0.12,0.16,0.72
43136,43136,896,0.21,1.0,0.72
43137,43137,897,0.12,0.18,0.72
43138,43138,898,0.12,0.24,0.72
43139,43139,899,0.12,0.17,0.72
43140,43140,900,0.12,0.23,0.72
43141,43141,901,0.12,0.16,0.72
43142,43142,902,0.12,0.16,0.72
43143,43143,903,0.12,0.16,0.72
43144,43144,904,0.12,0.16,0.72
43145,43145,905,0.12,0.39,0.72
43146,43146,906,0.12,0.16,0.72
43147,43147,907,0.12,0.16,0.72
43148,43148,908,2.16,9.21,2.73
43149,43149,909,0.12,0.16,0.72
43150,43150,910,0.12,0.16,0.72
43151,43151,911,0.12,0.16,0.72
43152,43152,912,0.12,0.16,0.72
43153,43153,913,0.26,1.15,0.72
43154,43154,914,0.12,0.16,0.72
43155,43155,915,0.56,2.25,0.74
43156,43156,916,0.12,0.42,0.72
43157,43157,917,0.12,0.16,0.72
43158,43158,918,0.12,0.16,0.72
43159,43159,919,0.12,0.16,0.72
43160,43160,920,0.12,0.16,0.72
43161,43161,921,0.39,1.63,0.72
43162,43162,922,0.12,0.45,0.72
43163,43163,923,0.63,2.61,0.81
43164,43164,924,0.12,0.16,0.72
43165,43165,925,0.12,0.16,0.72
43166,43166,926,0.12,0.16,0.72
43167,43167,927,0.12,0.16,0.72
43168,43168,928,0.12,0.16,0.72
43169,43169,929,0.12,0.16,0.72
43170,43170,930,0.12,0.16,0.72
43171,43171,931,0.43,1.6,0.72
43172,43172,932,0.12,0.16,0.72
43173,43173,933,0.12,0.16,0.72
43174,43174,934,0.12,0.16,0.72
43175,43175,935,0.12,0.16,0.72
43176,43176,936,0.12,0.16,0.72
43177,43177,937,0.12,0.16,0.72
43178,43178,938,0.12,0.16,0.72
43901,43901,939,0.17,0.76,0.72
43902,43902,940,0.12,0.23,0.72
43903,43903,941,0.12,0.22,0.72
43904,43904,942,0.12,0.3,0.72
43905,43905,943,0.48,2.12,0.72
43906,43906,944,0.12,0.23,0.72
43907,43907,945,0.12,0.39,0.72
